{
  "aime": {
    "base": {
      "media": 21.649305555555554,
      "sd": 2.714389173126499,
      "esperado": 21.649305555555557,
      "P": 90,
      "K": 64
    },
    "rft": null
  },
  "gsm8k": {
    "base": null,
    "rft": null
  },
  "gpqa": {
    "base": null,
    "rft": null
  }
}